,N6_AP-193,N6_AP_120,N6_AP_121,N6_AP_122,N6_AP_123,N6_AP_124,N6_AP_125,N6_AP_126,N6_AP_127,N6_AP_128,N6_AP_129,N6_AP_130,N6_AP_131,N6_AP_132,N6_AP_133,N6_AP_134,N6_AP_135,N6_AP_136,N6_AP_137,N6_AP_138,N6_AP_139,N6_AP_140,N6_AP_141,N6_AP_142,N6_AP_143,N6_AP_144,N6_AP_145,N6_AP_147,N6_AP_148,N6_AP_149,N6_AP_15,N6_AP_150,N6_AP_151,N6_AP_152,N6_AP_153,N6_AP_154,N6_AP_155,N6_AP_156,N6_AP_157,N6_AP_158,N6_AP_159,N6_AP_160,N6_AP_161,N6_AP_162,N6_AP_163,N6_AP_164,N6_AP_165,N6_AP_166,N6_AP_167,N6_AP_168,N6_AP_169,N6_AP_170,N6_AP_171,N6_AP_173,N6_AP_174,N6_AP_175,N6_AP_177,N6_AP_178,N6_AP_180,N6_AP_181,N6_AP_182,N6_AP_183,N6_AP_184,N6_AP_185,N6_AP_186,N6_AP_187,N6_AP_188,N6_AP_189,N6_AP_190,N6_AP_191,N6_AP_192,N6_AP_193,N6_AP_194,N6_AP_195,N6_AP_412,N6_AP_414,N6_AP_418,N6_AP_419,N6_AP_58,N6_AP_60,N6_AP_62,N6_AP_63,N6_AP_66,N6_AP_91,N6_AP_92,N6_AP_94,N6_AP_95,N6_AP_96,N6_AP_97,N7-AP-260,N7-AP-327,N7_AP_196,N7_AP_197,N7_AP_20,N7_AP_20-2F,N7_AP_212,N7_AP_214,N7_AP_221,N7_AP_228,N7_AP_231,N7_AP_232,N7_AP_257,N7_AP_26,N7_AP_27,N7_AP_298,N7_AP_299,N7_AP_3,N7_AP_300,N7_AP_301,N7_AP_302,N7_AP_303,N7_AP_304,N7_AP_305,N7_AP_306,N7_AP_307,N7_AP_308,N7_AP_309,N7_AP_310,N7_AP_311,N7_AP_313,N7_AP_315,N7_AP_316,N7_AP_317,N7_AP_318,N7_AP_319,N7_AP_320,N7_AP_322,N7_AP_323,N7_AP_324,N7_AP_325,N7_AP_326,N7_AP_329,N7_AP_330,N7_AP_334,N7_AP_335,N7_AP_336,N7_AP_337,N7_AP_338,N7_AP_339,N7_AP_340,N7_AP_341,N7_AP_342,N7_AP_343,N7_AP_344,N7_AP_345,N7_AP_346,N7_AP_348,N7_AP_349,N7_AP_350,N7_AP_351,N7_AP_352,N7_AP_353,N7_AP_354,N7_AP_355,N7_AP_356,N7_AP_358,N7_AP_359,N7_AP_57,N7_AP_64,N7_AP_79,N7_AP_84,N7_AP_9,nkg6aaaphw46,nkg6aaaphw48,nkg6baaphw43,nkg6baaphw44
N6_AP-193,,,,99,,,95,96,,,97,100,98,,98,,,,100,,96,,,,,99,95,100,94,,92,,97,,97,,,,100,,100,,,,,,83,,78,96,94,78,97,74,80,93,82,94,83,87,92,85,,97,76,74,96,92,100,82,83,96,83,96,,,,,99,94,96,90,95,100,,94,99,96,,,,,,,,,,,,,,,,,,,,,,,,,,,,,,,,,,,,,,,,,,,,,,,,,,,,,,,,,,,,,,,,,,,,,,,,,,,,,,
N6_AP_120,,,,72,64,,79,81,99,98,72,85,95,96,83,81,96,98,78,86,83,,89,,,,,99,,,92,,,,,100,,,,,,,,,,,,81,98,88,,100,86,97,90,90,96,85,99,90,89,94,,,,,,,,,,,,,,,,,,,,,,,,,74,80,76,,,,,,,,,,,,,,,,,,,,,,,,,,,,,,,,,,,,,,,,,,,,,,,,,,,,,,,,,,,,,,,,,,,,,,,,,,,,,
N6_AP_121,,,,,99,59,,98,88,73,97,91,85,66,100,99,83,76,92,95,100,,86,,,,,,,,,,,,,,,,,,,,,,,,,,,100,,,,,,,100,,,,,,,,,,,,,,,,,,,,,,,,,,,,92,,,99,,,,,,,,,,,,,,,,,,,,,,,,,,,,,,,,,,,,,,,,,,,,,,,,,,,,,,,,,,,,,,,,,,,,,,,,,,,,,,
N6_AP_122,99,72,,,75,,66,84,99,96,82,87,94,96,73,84,95,97,81,88,70,,94,99,100,97,,,,100,83,,,,,,,,,,,,,,,,100,72,97,74,,95,82,93,84,71,93,78,94,87,84,86,,,,,,,99,,,,,,,,,,,,,,,,98,,62,68,70,,,,,,,,,,,,,,,,,,,,,,,,,,,,,,,,,,,,,,,,,,,,,,,,,,,,,,,,,,,,,,,,,,,,,,,,,,,,,
N6_AP_123,,64,99,75,,98,77,70,95,92,64,80,89,92,79,74,89,93,70,82,81,,88,,100,,,,,99,88,,,,,,,,,,,,,,,,,85,100,87,,98,87,96,88,87,95,84,96,91,90,91,,,,,,,,,,,,,,,,,,,,,,,96,,77,70,75,,,,,,,,,,,,,,,,,,,,,,,,,,,,,,,,,,,,,,,,,,,,,,,,,,,,,,,,,,,,,,,,,,,,,,,,,,,,,
N6_AP_124,,,59,,98,,96,93,85,67,94,88,85,65,99,98,80,72,92,91,98,,82,,,,,,,,99,,,,,,,,,,,,,,,,,,,100,,,,,,99,,99,,,99,,,,,,,,,,,,,,,,,,,,,,,,92,,,98,100,,,,,,,,,,,,,,,,,,,,,,,,,,,,,,,,,,,,,,,,,,,,,,,,,,,,,,,,,,,,,,,,,,,,,,,,,,,,,
N6_AP_125,95,79,,66,77,96,,78,94,94,81,84,91,94,69,86,93,96,82,87,70,,91,,,,,,,,84,,,,,,,,,,,,,,,,94,74,95,72,,94,79,93,81,74,92,77,95,86,82,87,,,97,,,,,100,,,,,,,,,,,,,,,98,,72,65,67,,,,,,,,,,,,,,,,,,,,,,,,,,,,,,,,,,,,,,,,,,,,,,,,,,,,,,,,,,,,,,,,,,,,,,,,,,,,,
N6_AP_126,96,81,98,84,70,93,78,,91,90,65,76,84,91,74,74,87,91,70,81,81,,87,,,,,,,,88,,,,,,,,99,,,,,,100,,99,88,97,86,,95,88,95,86,87,96,84,99,90,89,91,,,,,,,,,,,,,,,,,,,,,,,94,,83,79,78,,,,,,,,,,,,,,,,,,,,,,,,,,,,,,,,,,,,,,,,,,,,,,,,,,,,,,,,,,,,,,,,,,,,,,,,,,,,,
N6_AP_127,,99,88,99,95,85,94,91,,78,97,77,72,79,93,91,73,84,89,85,94,97,78,,,,,88,,,98,98,,,97,100,,98,98,95,,,,,100,,,,,100,,100,,,100,98,,99,,97,96,,,,,,,,,,,,,,,,,,,,,,,,81,,99,94,96,,,,,,,,,,,,,,,,,,,,,,,,,,,,,,,,,,,,,,,,,,,,,,,,,,,,,,,,,,,,,,,,,,,,,,,,,,,,,
N6_AP_128,,98,73,96,92,67,94,90,78,,87,83,75,65,96,95,75,65,88,87,94,100,75,,,,,92,,93,97,100,,99,,100,,,100,,,,,,,,,100,,100,,,98,,98,99,98,96,99,99,98,97,,,,,,,,,,,,,,,,,,,,,,,81,,98,94,95,,,,,,,,,,,,,,,,,,,,,,,,,,,,,,,,,,,,,,,,,,,,,,,,,,,,,,,,,,,,,,,,,,,,,,,,,,,,,
N6_AP_129,97,72,97,82,64,94,81,65,97,87,,77,89,88,77,69,87,91,64,79,78,,87,,,,,,,,87,,,,,,,,,,,,,,,,100,87,96,87,,96,87,95,89,87,96,86,99,89,88,90,,,,,,,,,,,,,,,,,,,,,,,95,,83,77,77,,,,,,,,,,,,,,,,,,,,,,,,,,,,,,,,,,,,,,,,,,,,,,,,,,,,,,,,,,,,,,,,,,,,,,,,,,,,,
N6_AP_130,100,85,91,87,80,88,84,76,77,83,77,,77,83,86,81,76,88,75,62,81,95,77,,,98,,92,,99,87,100,,,,99,,,100,,,,,,,,99,90,97,88,,97,91,94,87,89,95,86,96,88,88,88,,,,,,,99,,,,,,,,,,,,,,,,86,,86,81,87,,,,,,,,,,,,,,,,,,,,,,,,,,,,,,,,,,,,,,,,,,,,,,,,,,,,,,,,,,,,,,,,,,,,,,,,,,,,,
N6_AP_131,98,95,85,94,89,85,91,84,72,75,89,77,,75,89,84,66,76,85,81,89,96,64,,,,,77,,95,92,100,,,97,98,,97,91,99,,,,,,,100,96,,95,,99,98,96,93,94,96,91,99,92,92,92,,,,,,,,,,,,,,,,,,,,,,,77,,94,87,92,,,,,,,,,,,,,,,,,,,,,,,,,,,,,,,,,,,,,,,,,,,,,,,,,,,,,,,,,,,,,,,,,,,,,,,,,,,,,
N6_AP_132,,96,66,96,92,65,94,91,79,65,88,83,75,,90,92,77,67,88,87,92,97,77,,,,,95,,96,97,99,,,,,,,,,,,,,,,,100,,98,,100,97,98,96,97,97,93,96,98,97,98,,,,,,,,,,,,,,,,,,,,,,,84,,99,90,93,,,,,,,,,,,,,,,,,,,,,,,,,,,,,,,,,,,,,,,,,,,,,,,,,,,,,,,,,,,,,,,,,,,,,,,,,,,,,
N6_AP_133,98,83,100,73,79,99,69,74,93,96,77,86,89,90,,82,92,90,75,83,66,100,94,,,,,100,,,80,,,,,,100,,,,,,,,,,99,81,95,84,,92,85,90,86,79,89,78,89,85,81,85,,,,100,,,100,,,,,,,,,,,,,,,,96,,74,60,70,,,,,,,,,,,,,,,,,,,,,,,,,,,,,,,,,,,,,,,,,,,,,,,,,,,,,,,,,,,,,,,,,,,,,,,,,,,,,
N6_AP_134,,81,99,84,74,98,86,74,91,95,69,81,84,92,82,,89,96,69,81,81,,90,,,,,,,,88,,,100,,,,,,100,,,,,,,,94,96,87,,95,91,93,89,89,97,83,96,90,88,90,,100,,,,,,,,,,,,,,,,,,,,,89,,88,80,88,,,,,,,,,,,,,,,,,,,,,,,,,,,,,,,,,,,,,,,,,,,,,,,,,,,,,,,,,,,,,,,,,,,,,,,,,,,,,
N6_AP_135,,96,83,95,89,80,93,87,73,75,87,76,66,77,92,89,,79,83,80,92,98,66,,,98,,92,,99,96,94,100,,,99,100,,95,99,,,,,,,,98,99,97,,,99,99,96,97,96,94,,98,98,96,,,,,,,98,,,,,,,,,,100,,,,,,78,,97,90,90,,,,,,,,,,,,,,,,,,,,,,,,,,,,,,,,,,,,,,,,,,,,,,,,,,,,,,,,,,,,,,,,,,,,,,,,,,,,,
N6_AP_136,,98,76,97,93,72,96,91,84,65,91,88,76,67,90,96,79,,90,88,93,100,81,,,,,97,,,98,,100,99,,100,100,,,,,,,,,,,97,100,100,,,,98,100,98,99,96,99,99,99,98,,,,,,,99,,,,,,,,,,,,,,,,87,,100,96,100,,,,,,,,,,,,,,,,,,,,,,,,,,,,,,,,,,,,,,,,,,,,,,,,,,,,,,,,,,,,,,,,,,,,,,,,,,,,,
N6_AP_137,100,78,92,81,70,92,82,70,89,88,64,75,85,88,75,69,83,90,,79,79,,87,,,,,100,,100,88,,,,,,,,,,,,,,,,100,90,95,89,,95,89,94,89,85,93,85,96,90,85,89,,,,,,,100,,,,,,,,,,,,,,,,90,,84,74,82,,,,,,,,,,,,,,,,,,,,,,100,,,,,,,,,,,,,,,,,,,,,,,,,,,,,,,,,,,,,,,,,,,,,,,,,,,,,,,
N6_AP_138,,86,95,88,82,91,87,81,85,87,79,62,81,87,83,81,80,88,79,,82,,82,,,,,100,,,88,,,,99,,,,96,,,,,,,,99,94,100,92,,95,92,95,90,88,98,86,98,89,88,91,,,,,,,,,,,,,,,,,,,,,,,89,,88,83,89,,,,,,,,,,,,,,,,,,,,,,,,,,,,,,,,,,,,,,,,,,,,,,,,,,,,,,,,,,,,,,,,,,,,,,,,,,,,,
N6_AP_139,96,83,100,70,81,98,70,81,94,94,78,81,89,92,66,81,92,93,79,82,,,90,,,,,,,100,78,,,,,,,,,,,,,,,,97,85,92,85,,91,84,86,82,78,90,77,92,83,73,81,,,,,,,,,,,,,,,,,,,,,,,97,,75,64,70,,,,,,,,,,,,,,,,,,,,,,,,,,,,,,,,,,,,,,,,,,,,,,,,,,,,,,,,,,,,,,,,,,,,,,,,,,,,,
N6_AP_140,,,,,,,,,97,100,,95,96,97,100,,98,100,,,,,100,95,94,93,92,85,89,84,,75,92,86,89,79,89,91,81,81,91,89,75,69,78,91,,,,,,,,,,,,,,,,,,,,100,,93,,,,,,,,,,,92,,94,,,,84,,,,,,,,,,,,,,,,,,,,,,,,,,,,,,,,,,,,,,,,,,,,,,,,,,,,,,,,,,,,,,,,,,,,,,,,,,,,,,,,,
N6_AP_141,,89,86,94,88,82,91,87,78,75,87,77,64,77,94,90,66,81,87,82,90,100,,,,,,91,,96,97,,100,,,,100,,95,99,,,,,,,,100,,98,,,93,98,96,97,100,92,,98,97,98,,,,,,,,,,,,,,,,,,,,,,,79,,95,91,95,,,,,,,,,,,,,,,,,,,,,,,,,,,,,,,,,,,,,,,,,,,,,,,,,,,,,,,,,,,,,,,,,,,,,,,,,,,,,
N6_AP_142,,,,99,,,,,,,,,,,,,,,,,,95,,,74,73,70,87,78,87,,97,71,79,86,97,79,86,98,94,86,81,,98,,,,,,,,,,,,,,100,,,,,,,,93,,88,,100,96,99,94,91,,,,,68,100,70,,,,100,,,,,,,,,,,,,,,,,,,,,,,,,,,,,,,,,,,,,,,,,,,,,,,,,,,,,,,,,,,,,,,,,,,,,,,,,,,,,,,,,
N6_AP_143,,,,100,100,,,,,,,,,,,,,,,,,94,,74,,70,78,83,73,84,,92,79,66,83,96,77,83,95,92,76,76,,97,99,,,,,,,,,,,,,,,,,,,,97,89,,86,100,97,93,98,92,90,,,,,68,99,68,,,,96,98,,,,,,,,,,,,,,,,,,,,,,,,,,,,,,,,,,,,,,,,,,,,,,,,,,,,,,,,,,,,,,,,,,,,,,,,,,,,,,,,
N6_AP_144,99,,,97,,,,,,,,98,,,,,98,,,,,93,,73,70,,74,86,71,84,,94,76,73,84,90,72,84,94,92,80,81,,96,98,,,,,,,,,,98,,,,,,,,,98,98,90,,87,100,96,95,97,93,92,,,,,68,97,70,,99,,99,100,,99,99,,,,,,,,,,,,,,,,,,,,,,,,,,,,,,,,,,,,,,,,,,,,,,,,,,,,,,,,,,,,,,,,,,,,,,,,,,,,,
N6_AP_145,95,,,,,,,,,,,,,,,,,,,,,92,,70,78,74,,81,79,90,,94,65,79,82,94,76,83,92,92,82,82,,95,93,,,,,,,,,,,,,,,,,,,,95,87,,85,,96,92,100,95,89,,,,,72,,,,,,98,99,,,,,,,,,,,,,,,,,,,,,,,,,,,,,,,,,,,,,,,,,,,,,,,,,,,,,,,,,,,,,,,,,,,,,,,,,,,,,,,,
N6_AP_147,100,99,,,,,,,88,92,,92,77,95,100,,92,97,100,100,,85,91,87,83,86,81,,76,70,,87,81,76,73,85,78,73,79,81,82,76,99,89,92,97,,99,,,,,99,,,,,,,,,,,,98,91,,83,100,100,96,96,97,95,,,,,78,,85,99,99,,76,97,,,,,,,,,,,,,,,,,,,,,,,,,,,,,,,,,,,,,,,,,,,,,,,,,,,,,,,,,,,,,,,,,,,,,,,,,,,,,,,,
N6_AP_148,94,,,,,,,,,,,,,,,,,,,,,89,,78,73,71,79,76,,85,,93,74,74,82,93,69,84,90,91,75,77,,88,94,99,,,,,,,,,,,,,,,,,,,97,90,,83,,94,91,98,96,93,,,,,71,,76,,,,88,99,,,,,,,,,,,,,,,,,,,,,,,,,,,,,,,,,,,,,,,,,,,,,,,,,,,,,,,,,,,,,,,,,,,,,,,,,,,,,,,,
N6_AP_149,,,,100,99,,,,,93,,99,95,96,,,99,,100,,100,84,96,87,84,84,90,70,85,,,88,85,73,73,86,83,71,84,85,86,77,97,85,90,100,,,,,,,,,,,,99,,,,,,,,100,,95,,,,,100,99,,,,,84,99,87,,,,80,,,99,,,,,,,,,,,,,,,,,,,,,,,,,,,,,,,,,,,,,,,,,,,,,,,,,,,,,,,,,,,,,,,,,,,,,,,,,,,,,,
N6_AP_15,92,92,,83,88,99,84,88,98,97,87,87,92,97,80,88,96,98,88,88,78,,97,,,,,,,,,,,,,,,,,,,,,,,,98,78,93,72,,89,75,89,77,72,87,67,93,78,65,71,,,100,,,,,,,,,,,,,,,,,,,,,,87,78,87,,,,,,,,,,,,,,,,,,,,,,,,,,,,,,,,,,,,,,,,,,,,,,,,,,,,,,,,,,,,,,,,,,,,,,,,,,,,,
N6_AP_150,,,,,,,,,98,100,,100,100,99,,,94,,,,,75,,97,92,94,94,87,93,88,,,92,86,90,74,91,89,76,68,93,92,91,76,84,92,,,,,,,,,,,,,,,,,,,,,,99,99,,,,,,,,,,89,99,96,,,,89,,,,,,,,,,,,,,,,,,,,,,,,,,,,,,,,,,,,,,,,,,,,,,,,,,,,,,,,,,,,,,,,,,,,,,,,,,,,,,,,,
N6_AP_151,97,,,,,,,,,,,,,,,,100,100,,,,92,100,71,79,76,65,81,74,85,,92,,74,79,92,72,81,89,90,73,74,,96,93,,,,,100,,,,,,,99,,,,,,,,95,84,,77,100,93,77,97,86,86,,,,,69,,73,,100,,96,100,,,100,,,,,,,,,,,,,,,,,,,,,,,,,,,,,,,,,,,,,,,,,,,,,,,,,,,,,,,,,,,,,,,,,,,,,,,,,,,,,
N6_AP_152,,,,,,,,,,99,,,,,,100,,99,,,,86,,79,66,73,79,76,74,73,,86,74,,70,86,68,71,83,84,74,70,,91,91,98,,,,,,,,,,,,,,,,,,,99,92,,82,100,95,94,,95,92,,,,,74,,77,,,100,90,,,,100,,,,,,,,,,,,,,,,,,,,,,,,,,,,,,,,,,,,,,,,,,,,,,,,,,,,,,,,,,,,,,,,,,,,,,,,,,,,,
N6_AP_153,97,,,,,,,,97,,,,97,,,,,,,99,,89,,86,83,84,82,73,82,73,,90,79,70,,86,76,,80,82,81,79,,93,89,99,,,,,,,,,,,,,,,,,,,97,92,,81,,99,95,,99,97,,,,,79,,,,,,91,,,,,,,,,,,,,,,,,,,,,,,,,,,,,,,,,,,,,,,,,,,,,,,,,,,,,,,,,,,,,,,,,,,,,,,,,,,,,,,,,
N6_AP_154,,100,,,,,,,100,100,,99,98,,,,99,100,,,,79,,97,96,90,94,85,93,86,,74,92,86,86,,87,83,72,69,94,90,99,84,78,88,,,,,,,,,,,,,,,,,,,,100,,96,,,,,,,,,,,92,,96,,,,90,,,100,,,,,,,,,,,,,,,,,,,,,,,,,,,,,,,,,,,,,,,,,,,,,,,,,,,,,,,,,,,,,,,,,,,,,,,,,,,,,,
N6_AP_155,,,,,,,,,,,,,,,100,,100,100,,,,89,100,79,77,72,76,78,69,83,,91,72,68,76,87,,78,86,85,69,74,,96,93,100,,,,,,,,,,,,,,,,,,,98,90,,83,100,97,94,100,94,92,,,,,74,,75,,,,92,,,,100,,,,,,,,,,,,,,,,,,,,,,,,,,,,,,,,,,,,,,,,,,,,,,,,,,,,,,,,,,,,,,,,,,,,,,,,,,,,,
N6_AP_156,,,,,,,,,98,,,,97,,,,,,,,,91,,86,83,84,83,73,84,71,,89,81,71,,83,78,,80,86,82,77,,95,91,98,,,,,,,,,,,,,,,,,,,100,96,,84,,98,96,,99,98,,,,,81,,,,,,92,,,,,,,,,,,,,,,,,,,,,,,,,,,,,,,,,,,,,,,,,,,,,,,,,,,,,,,,,,,,,,,,,,,,,,,,,,,,,,,,,
N6_AP_157,100,,,,,,,99,98,100,,100,91,,,,95,,,96,,81,95,98,95,94,92,79,90,84,,76,89,83,80,72,86,80,,72,91,86,99,84,81,88,,,,,,,,,,,,,,,,,,,100,,,92,,99,98,,,,,,,,88,,91,,,,81,,,,,,,,,,,,,,,,,,,,,,,,,,,,,,,,,,,,,,,,,,,,,,,,,,,,,,,,,,,,,,,,,,,,,,,,,,,,,,,,,
N6_AP_158,,,,,,,,,95,,,,99,,,100,99,,,,,81,99,94,92,92,92,81,91,85,,68,90,84,82,69,85,86,72,,90,87,96,85,75,78,,,,,,,,,,,,,,,,,,,,99,,93,,,,,,,,,,,91,,94,,,,89,,,,,,,,,,,,,,,,,,,,,,,,,,,,,,,,,,,,,,,,,,,,,,,,,,,,,,,,,,,,,,,,,,,,,,,,,,,,,,,,,
N6_AP_159,100,,,,,,,,,,,,,,,,,,,,,91,,86,76,80,82,82,75,86,,93,73,74,81,94,69,82,91,90,,79,,97,94,99,,,,,,,,,,,,,,,,,,,99,92,,89,,99,92,,97,86,,,,,73,,76,,,,95,,,,,,,,,,,,,,,,,,,,,,,,,,,,,,,,,,,,,,,,,,,,,,,,,,,,,,,,,,,,,,,,,,,,,,,,,,,,,,,,,
N6_AP_160,,,,,,,,,,,,,,,,,,,,,,89,,81,76,81,82,76,77,77,,92,74,70,79,90,74,77,86,87,79,,,94,96,,,,,,,,,,,,,,,,,,,,,93,,91,,100,97,100,95,91,,,,,79,,81,,,,87,,,,,,,,,,,,,,,,,,,,,,,,,,,,,,,,,,,,,,,,,,,,,,,,,,,,,,,,,,,,,,,,,,,,,,,,,,,,,,,,,
N6_AP_161,,,,,,,,,,,,,,,,,,,,,,75,,,,,,99,,97,,91,,,,99,,,99,96,,,,72,89,,,,,,,,,,,,,,,,,,,,,,,,,,,,,,,,,,,,,,,,,,,,,,,,,,,,,,,,,,,,,,,,,,,,,,,,,,,,,,,,,,,,,,,,,,,,,,,,,,,,,,,,,,,,,,,,,,,,,,,,,
N6_AP_162,,,,,,,,,,,,,,,,,,,,,,69,,98,97,96,95,89,88,85,,76,96,91,93,84,96,95,84,85,97,94,72,,73,87,,,,,,,,,,,,,,,,,,,,,,97,,,,,,100,,,,,95,,98,,,,93,,,,,,,,,,,,,,,,,,,,,,,,,,,,,,,,,,,,,,,,,,,,,,,,,,,,,,,,,,,,,,,,,,,,,,,,,,,,,,,,,
N6_AP_163,,,,,,,,100,100,,,,,,,,,,,,,78,,,99,98,93,92,94,90,,84,93,91,89,78,93,91,81,75,94,96,89,73,,77,,,,,,,,,,,,,,,,,,,,,,96,,98,,,,,,,,,92,,95,,,,98,,,,,,,,,,,,,,,,,,,,,,,,,,,,,,,,,,,,,,,,,,,,,,,,,,,,,,,,,,,,,,,,,,,,,,,,,,,,,,,,,
N6_AP_164,,,,,,,,,,,,,,,,,,,,,,91,,,,,,97,99,100,,92,,98,99,88,100,98,88,78,99,,,87,77,,,,,,,,,,,,,,,,,,,,,,,,,,,,,,,,,,100,,99,,,,,,,,,,,,,,,,,,,,,,,,,,,,,,,,,,,,,,,,,,,,,,,,,,,,,,,,,,,,,,,,,,,,,,,,,,,,,,,,,,,,,
N6_AP_165,83,,,100,,,94,99,,,100,99,100,,99,,,,100,99,97,,,,,,,,,,98,,,,,,,,,,,,,,,,,100,58,96,74,81,95,77,90,94,82,97,88,93,93,90,,76,94,95,96,,84,98,,91,,,,,,,,100,,79,79,98,,,,96,99,,,,,,,,,,,,,,,,,,,,,,,,,,,,,,,,,,,,,,,,,,,,,,,,,,,,,,,,,,,,,,,,,,,,,,,,,,,,,
N6_AP_166,,81,,72,85,,74,88,,100,87,90,96,100,81,94,98,97,90,94,85,,100,,,,,99,,,78,,,,,,,,,,,,,,,,100,,99,73,,98,83,96,85,76,94,77,93,86,80,89,,99,,100,,,99,,,,,,,,,,99,,,,100,,,,75,80,81,,,,,,,,,,,,,,,,,,,,,,,,,,,,,,,,,,,,,,,,,,,,,,,,,,,,,,,,,,,,,,,,,,,,,,,,,,,,,
N6_AP_167,78,98,,97,100,,95,97,,,96,97,,,95,96,99,100,95,100,92,,,,,,,,,,93,,,,,,,,,,,,,,,,58,99,,95,74,76,92,69,85,90,79,92,82,88,89,83,,78,92,90,100,,83,97,,94,100,,,,,,,100,,81,79,96,,,99,93,96,,,,,,,,,,,,,,,,,,,,,,,,,,,,,,,,,,,,,,,,,,,,,,,,,,,,,,,,,,,,,,,,,,,,,,,,,,,,,
N6_AP_168,96,88,100,74,87,100,72,86,100,100,87,88,95,98,84,87,97,100,89,92,85,,98,,,,,,,,72,,100,,,,,,,,,,,,,,96,73,95,,,92,71,91,78,70,89,73,93,82,72,85,,99,99,99,,,,,,99,,,,,,,97,,,,100,,100,,77,78,81,,,,,,,,,,,,,,,,,,,,,,,,,,,,,,,,,,,,,,,,,,,,,,,,,,,,,,,,,,,,,,,,,,,,,,,,,,,,,
N6_AP_169,94,,,,,,,,,,,,,,,,,,,,,,,,,,,,,,,,,,,,,,,,,,,,,,74,,74,,,93,,88,98,100,92,,99,,100,97,,67,96,,100,,81,96,99,91,,,,,,,,100,,83,80,98,,,,,,,,,,,,,,,,,,,,,,,,,,,,,,,,,,,,,,,,,,,,,,,,,,,,,,,,,,,,,,,,,,,,,,,,,,,,,,,,,,
N6_AP_170,78,100,,95,98,,94,95,100,,96,97,99,100,92,95,,,95,95,91,,,,,,,,,,89,,,,,,,,,,,,,,,,81,98,76,92,93,,93,74,79,89,64,85,76,79,87,79,,96,89,94,,,99,93,98,100,95,,,,,,,100,,99,95,,,,98,91,98,,,,,,,,,,,,,,,,,,,,,,,,,,,,,,,,,,,,,,,,,,,,,,,,,,,,,,,,,,,,,,,,,,,,,,,,,,,,,
N6_AP_171,97,86,,82,87,,79,88,,98,87,91,98,97,85,91,99,,89,92,84,,93,,,,,99,,,75,,,,,,,,,,,,,,,,95,83,92,71,,93,,90,75,72,88,69,94,84,80,84,,100,97,98,,,,,,,,,,,,,,100,,,,,,,88,79,80,,,,,,,,,,,,,,,,,,,,,,,,,,,,,,,,,,,,,,,,,,,,,,,,,,,,,,,,,,,,,,,,,,,,,,,,,,,,,
N6_AP_173,74,97,,93,96,,93,95,,,95,94,96,98,90,93,99,98,94,95,86,,98,,,,,,,,89,,,,,,,,,,,,,,,,77,96,69,91,88,74,90,,82,88,71,87,64,83,86,80,,90,94,92,,,94,95,,97,98,,,,,,,,,94,92,,,,97,90,93,,,,,,,,,,,,,,,,,,,,,,,,,,,,,,,,,,,,,,,,,,,,,,,,,,,,,,,,,,,,,,,,,,,,,,,,,,,,,
N6_AP_174,80,90,,84,88,,81,86,100,98,89,87,93,96,86,89,96,100,89,90,82,,96,,,98,,,,,77,,,,,,,,,,,,,,,,90,85,85,78,98,79,75,82,,78,73,71,82,67,79,69,,100,83,94,,,98,97,,,100,99,,,,,,100,,95,99,,99,98,86,81,85,,,,,,,,,,,,,,,,,,,,,,,,,,,,,,,,,,,,,,,,,,,,,,,,,,,,,,,,,,,,,,,,,,,,,,,,,,,,,
N6_AP_175,93,90,,71,87,99,74,87,98,99,87,89,94,97,79,89,97,98,85,88,78,,97,,,,,,,,72,,,,,,,,,,,,,,,,94,76,90,70,100,89,72,88,78,,86,65,92,81,66,81,,,96,,,,,,,,,,,,,,,,,,,,,,81,77,83,,,,,,,,,,,,,,,,,,,,,,,,,,,,,,,,,,,,,,,,,,,,,,,,,,,,,,,,,,,,,,,,,,,,,,,,,,,,,
N6_AP_177,82,96,100,93,95,,92,96,,98,96,95,96,97,89,97,96,99,93,98,90,,100,,,,,,,,87,,99,,,,,,,,,,,,,,82,94,79,89,92,64,88,71,73,86,,85,76,79,88,80,,95,93,96,,,96,94,,96,96,98,,,,,,98,,98,97,,100,99,96,90,91,,,,,,,,,,,,,,,,,,,,,,,,,,,,,,,,,,,,,,,,,,,,,,,,,,,,,,,,,,,,,,,,,,,,,,,,,,,,,
N6_AP_178,94,85,,78,84,99,77,84,99,96,86,86,91,93,78,83,94,96,85,86,77,,92,100,,,,,,99,67,,,,,,,,,,,,,,,,97,77,92,73,,85,69,87,71,65,85,,88,79,68,78,,,97,100,,,100,,,,,100,,,,,,,,,,,98,,81,75,80,,,,,,,,,,,,,,,,,,,,,,,,,,,,,,,,,,,,,,,,,,,,,,,,,,,,,,,,,,,,,,,,,,,,,,,,,,,,,
N6_AP_180,83,99,,94,96,,95,99,,99,99,96,99,96,89,96,,99,96,98,92,,,,,,,,,,93,,,,,,,,,,,,,,,,88,93,82,93,99,76,94,64,82,92,76,88,,86,91,86,,97,97,99,,,94,99,,94,99,,,,,,,,,96,99,,,,99,93,98,,,,,,,,,,,,,,,,,,,,,,,,,,,,,,,,,,,,,,,,,,,,,,,,,,,,,,,,,,,,,,,,,,,,,,,,,,,,,
N6_AP_181,87,90,,87,91,,86,90,97,99,89,88,92,98,85,90,98,99,90,89,83,,98,,,,,,,,78,,,,,,,,,,,,,,,,93,86,88,82,,79,84,83,67,81,79,79,86,,78,61,,,95,,,,,98,99,,,,,,,,,,,,,,,,87,84,89,,,,,,,,,,,,,,,,,,,,,,,,,,,,,,,,,,,,,,,,,,,,,,,,,,,,,,,,,,,,,,,,,,,,,,,,,,,,,
N6_AP_182,92,89,,84,90,99,82,89,96,98,88,88,92,97,81,88,98,99,85,88,73,,97,,,,,,,,65,,,,,,,,,,,,,,,,93,80,89,72,100,87,80,86,79,66,88,68,91,78,,74,,,,,,,,100,,,,,,,,,,,,,,,,,85,79,87,,,,,,,,,,,,,,,,,,,,,,,,,,,,,,,,,,,,,,,,,,,,,,,,,,,,,,,,,,,,,,,,,,,,,,,,,,,,,
N6_AP_183,85,94,,86,91,,87,91,,97,90,88,92,98,85,90,96,98,89,91,81,,98,,,,,,,,71,,,,,,,,,,,,,,,,90,89,83,85,97,79,84,80,69,81,80,78,86,61,74,,,98,95,97,,,97,99,,,100,,,,,,,100,,100,98,,98,100,91,83,91,,,,,,,,,,,,,,,,,,,,,,,,,,,,,,,,,,,,,,,,,,,,,,,,,,,,,,,,,,,,,,,,,,,,,,,,,,,,,
N6_AP_184,,,,,,,,,,,,,,,,,,,,,,,,,,,,,,,,,,,,,,,,,,,,,,,,,,,,,,,,,,,,,,,,94,,,,,,,,,,,,,,,,,,,,,,,,,,,,,,,,,,,,,,,,,,,,,,,,,,,,,,,,,,,,,,,,,,,,,,,,,,,,,,,,,,,,,,,,,,,,,,,,,,,,,,
N6_AP_185,97,,,,,,,,,,,,,,,100,,,,,,,,,,98,,,,,,,,,,,,,,,,,,,,,76,99,78,99,67,96,100,90,100,,95,,97,,,98,94,,92,97,96,,76,93,99,85,96,98,,,,,,100,,78,76,92,,98,,,,,,,,,,,,,,,,,,,,,,,,,,,,,,,,,,,,,,,,,,,,,,,,,,,,,,,,,,,,,,,,,,,,,,,,,,,,,,,,
N6_AP_186,76,,,,,,97,,,,,,,,,,,,,,,,,,97,98,95,98,97,,100,,95,99,97,,98,100,100,,99,,,,,,94,,92,99,96,89,97,94,83,96,93,97,97,95,,95,,92,,79,86,91,90,76,80,77,81,91,,,,,97,77,97,80,85,86,,74,,,,,,,,,,,,,,,,,,,,,,,,,,,,,,,,,,,,,,,,,,,,,,,,,,,,,,,,,,,,,,,,,,,,,,,,,,,,,,,,
N6_AP_187,74,,,,,,,,,,,,,,100,,,,,,,100,,93,89,90,87,91,90,100,,,84,92,92,100,90,96,,99,92,93,,,,,95,100,90,99,,94,98,92,94,,96,100,99,,,97,,97,79,,98,77,93,79,70,83,73,76,,,,,89,89,91,84,91,93,100,87,,,,,,,,,,,,,,,,,,,,,,,,,,,,,,,,,,,,,,,,,,,,,,,,,,,,,,,,,,,,,,,,,,,,,,,,,,,,,,,,
N6_AP_188,96,,,,,,,,,,,,,,,,,,,,,,,,,,,,,,,,,,,,,,,,,,,,,,96,,100,,100,,,,,,,,,,,,,96,86,98,,,84,89,92,87,93,,,,,,,91,,88,89,95,,96,,,,,,,,,,,,,,,,,,,,,,,,,,,,,,,,,,,,,,,,,,,,,,,,,,,,,,,,,,,,,,,,,,,,,,,,,,,,,,,,
N6_AP_189,92,,,,,,,,,,,,,,,,,,,,,93,,88,86,87,85,83,83,95,,99,77,82,81,96,83,84,92,93,89,91,,97,96,,,,,,,,,,,,,,,,,,,,91,77,,,,88,78,91,80,71,,,,,83,98,84,100,,,,94,,,,,,,,,,,,,,,,,,,,,,,,,,,,,,,,,,,,,,,,,,,,,,,,,,,,,,,,,,,,,,,,,,,,,,,,,,,,,,,,
N6_AP_190,100,,,99,,,,,,,,99,,,100,,98,99,100,,,,,,100,100,,100,,,,99,100,100,,,100,,,,,,,,,,84,99,83,,81,99,,94,98,,96,100,94,,,97,,76,90,93,84,,,90,95,79,92,99,,,,,100,95,,77,80,93,,97,,100,100,,,,,,,,,,,,,,,,,,,,,,,,,,,,,,,,,,,,,,,,,,,,,,,,,,,,,,,,,,,,,,,,,,,,,,,,,,,,,
N6_AP_191,82,,,,,,100,,,,,,,,,,,,,,,,,100,97,96,96,100,94,,,,93,95,99,,97,98,99,,99,100,,,98,,98,,97,,96,93,,95,97,,94,,99,98,100,99,,93,76,79,89,88,90,,76,79,69,84,,,,,98,83,96,85,89,87,,82,,,,,,,,,,,,,,,,,,,,,,,,,,,,,,,,,,,,,,,,,,,,,,,,,,,,,,,,,,,,,,,,,,,,,,,,,,,,,,,,
N6_AP_192,83,,,,,,,,,,,,,,,,,,,,,,,96,93,95,92,96,91,,,,77,94,95,,94,96,98,,92,97,,,,,,,,,99,98,,,,,,,,99,,,,99,80,70,92,78,95,76,,82,67,76,,,,,92,90,91,90,95,97,,89,,,,,,,,,,,,,,,,,,,,,,,,,,,,,,,,,,,,,,,,,,,,,,,,,,,,,,,,,,,,,,,,,,,,,,,,,,,,,,,,
N6_AP_193,96,,,,,,,,,,,,,,,,,,,,,,,99,98,97,100,96,98,,,,97,,,,100,,,,,100,,,,,91,,94,99,91,100,,97,,,96,,94,,,,,85,77,83,87,91,79,79,82,,80,89,,,,,99,83,,84,87,87,,85,,,100,,,,,,,,,,,,,,,,,,,,,,,,,,,,,,,,,,,,,,,,,,,,,,,,,,,,,,,,,,,,,,,,,,,,,,,,,,,,,
N6_AP_194,83,,,,,,,,,,,,,,,,,,,,,,,94,92,93,95,97,96,100,,,86,95,99,,94,99,,,97,95,,,,,,,100,,,95,,98,100,,96,,99,,,100,,96,81,73,93,80,92,69,67,80,,84,,,,,93,88,92,87,92,93,,85,,,,,,,,,,,,,,,,,,,,,,,,,,,,,,,,,,,,,,,,,,,,,,,,,,,,,,,,,,,,,,,,,,,,,,,,,,,,,,,,
N6_AP_195,96,,,,,,,,,,,,,,,,,,,,,,,91,90,92,89,95,93,99,,,86,92,97,,92,98,,,86,91,,100,,,,,,,,,,,99,,98,100,,,,,,98,91,76,,71,99,84,76,89,84,,,,,,90,98,93,96,98,100,,91,,,,,,,,,,,,,,,,,,,,,,,,,,,,,,,,,,,,,,,,,,,,,,,,,,,,,,,,,,,,,,,,,,,,,,,,,,,,,,,,
N6_AP_412,,,,,,,,,,,,,,,,,,,,,,,,,,,,,,,,,,,,,,,,,,,,,,,,,,,,,,,,,,,,,,,,,,,,,,,,,,,,,,,,,,,,,,,,,,,,,,,,,,,,,,,,,,,,,,,,,,,,,,,,,,,,,,,,,,,,,,,,,,,,,,,,,,,,,,,,,,,,,,,,,,,,,,
N6_AP_414,,,,,,,,,,,,,,,,,,,,,,,,,,,,,,,,,,,,,,,,,,,,,,,,,,,,,,,,,,,,,,,,,,,,,,,,,,,,,,,,,,,,,,,,,,,,,,,,,,,,,,,,,,,,,,,,,,,,,,,,,,,,,,,,,,,,,,,,,,,,,,,,,,,,,,,,,,,,,,,,,,,,,,
N6_AP_418,,,,,,,,,,,,,,,,,,,,,,,,,,,,,,,,,,,,,,,,,,,,,,,,,,,,,,,,,,,,,,,,,,,,,,,,,,,,,,82,,,,,,,,,,,,,,,,,,,,,,,,,,,,,,,,,,,,,,,,,,,,,,,,,,,,,,,,,,,,,,,,,,,,,,,,,,,,,,,,,,,,,,,,
N6_AP_419,,,,,,,,,,,,,,,,,,,,,,,,,,,,,,,,,,,,,,,,,,,,,,,,,,,,,,,,,,,,,,,,,,,,,,,,,,,,,82,,,,,,,,,,,,,,,,,,,,,,,,,,,,,,,,,,,,,,,,,,,,,,,,,,,,,,,,,,,,,,,,,,,,,,,,,,,,,,,,,,,,,,,,,
N6_AP_58,99,,,,,,,,,,,,,,,,100,,,,,92,,68,68,68,72,78,71,84,,89,69,74,79,92,74,81,88,91,73,79,,95,92,100,,99,,97,,,,,,,,,,,,,,,97,89,,83,100,98,92,99,93,90,,,,,,,69,,,,94,98,,,,,,,,,,,,,,,,,,,,,,,,,,,,,,,,,,,,,,,,,,,,,,,,,,,,,,,,,,,,,,,,,,,,,,,,,,,,,,,,
N6_AP_60,94,,,,,,,,,,,,,,,,,,,,,,,100,99,97,,,,99,,99,,,,,,,,,,,,,,,100,,100,,100,100,100,,100,,98,,,,,100,,100,77,89,91,98,95,83,90,83,88,98,,,,,,,,88,85,70,,70,,,,,,,,,,,,,,,,,,,,,,,,,,,,,,,,,,,,,,,,,,,,,,,,,,,,,,,,,,,,,,,,,,,,,,,,,,,,,,,,
N6_AP_62,96,,,,,,,,,,,,,,,,,,,,,94,,70,68,70,,85,76,87,,96,73,77,,96,75,,91,94,76,81,,98,95,99,,,,,,,,,,,,,,,,,,,97,91,,84,,96,91,,92,93,,,,,69,,,,,,,,,,,,,,,,,,,,,,,,,,,,,,,,,,,,,,,,,,,,,,,,,,,,,,,,,,,,,,,,,,,,,,,,,,,,,,,,,,,,,,,
N6_AP_63,90,,,,,,,,,,,,,,,,,,,,,,,,,,,99,,,,,,,,,,,,,,,,,,,79,,81,,83,99,,94,95,,98,,96,,,100,,78,80,84,88,100,77,85,90,84,87,96,,,,,,88,,,70,85,,87,,,,,,,,,,,,,,,,,,,,,,,,,,,,,,,,,,,,,,,,,,,,,,,,,,,,,,,,,,,,,,,,,,,,,,,,,,,,,,,,
N6_AP_66,95,,,,,,,,,,,,,,,,,,,,,,,,,99,,99,,,,,100,,,,,,,,,,,,,,79,100,79,100,80,95,,92,99,,97,,99,,,98,,76,85,91,89,,80,89,95,87,92,98,,,,,,85,,70,,76,,92,,,,,,,,,,,,,,,,,,,,,,,,,,,,,,,,,,,,,,,,,,,,,,,,,,,,,,,,,,,,,,,,,,,,,,,,,,,,,,,,
N6_AP_91,100,,,,,,,,,,,,,,,,,,,,,,,,,,,,,,,,,100,,,,,,,,,,,,,98,,96,,98,,,,,,,,,,,,,92,86,93,95,,93,87,97,87,93,100,,,,,,70,,85,76,,,87,,,,,,,,,,,,,,,,,,,,,,,,,,,,,,,,,,,,,,,,,,,,,,,,,,,,,,,,,,,,,,,,,,,,,,,,,,,,,,,,
N6_AP_92,,,92,98,96,92,98,94,81,81,95,86,77,84,96,89,78,87,90,89,97,84,79,100,96,99,98,76,88,80,,89,96,90,91,90,92,92,81,89,95,87,,93,98,,,,,100,,,,,99,,100,98,,,,98,,,,100,,,,,,,,,,,,,94,,,,,,,,,96,96,,,,,,,,,,,,,,,,,,,,,,,,,,,,,,,,,,,,,,,,,,,,,,,,,,,,,,,,,,,,,,,,,,,,,,,,,,,,,
N6_AP_94,94,,,,,,,,,,,,,,,,,,,,,,,,98,100,99,97,99,,,,100,,,,,,,,,,,,,,,,,,,,,,98,,99,,,,,100,,98,74,87,96,94,97,82,89,85,85,91,,,,,98,70,,87,92,87,,,,,,,,,,,,,,,,,,,,,,,,,,,,,,,,,,,,,,,,,,,,,,,,,,,,,,,,,,,,,,,,,,,,,,,,,,,,,,,,,,
N6_AP_95,99,74,,62,77,,72,83,99,98,83,86,94,99,74,88,97,100,84,88,75,,95,,,,,,,,87,,,,,,,,,,,,,,,,,75,99,77,,98,88,97,86,81,96,81,99,87,85,91,,,,,,,,,,,,,,,,,,,,,,,,,,68,72,,,,,,,,,,,,,,,,,,,,,,,,,,,,,,,,,,,,,,,,,,,,,,,,,,,,,,,,,,,,,,,,,,,,,,,,,,,,,
N6_AP_96,96,80,99,68,70,98,65,79,94,94,77,81,87,90,60,80,90,96,74,83,64,,91,,,99,,,,99,78,,,,,100,,,,,,,,,,,96,80,93,78,,91,79,90,81,77,90,75,93,84,79,83,,,,,,,100,,,,,,,,,,,,,,,,96,,68,,66,,,,,,,,,,,,,,,,,,,,,,,,,,,,,,,,,,,,,,,,,,,,,,,,,,,,,,,,,,,,,,,,,,,,,,,,,,,,,
N6_AP_97,,76,,70,75,100,67,78,96,95,77,87,92,93,70,88,90,100,82,89,70,,95,,,99,,,,,87,,100,100,,,100,,,,,,,,,,99,81,96,81,,98,80,93,85,83,91,80,98,89,87,91,,,,,,,100,,,100,,,,,,,,,,,,,96,,72,66,,,,,,,,,,,,,,,,,,,,,,,,,,,,,,,,,,,,,,,,,,,,,,,,,,,,,,,,,,,,,,,,,,,,,,,,,,,,,,
N7-AP-260,,,,,,,,,,,,,,,,,,,,,,,,,,,,,,,,,,,,,,,,,,,,,,,,,,,,,,,,,,,,,,,,,,,,,,,,,,,,,,,,,,,,,,,,,,,74,,,,92,,97,96,94,70,98,80,92,90,,,,,,,,,,,,,,,,,89,89,95,88,88,84,93,90,87,94,87,89,82,,,,,,,,,,,,,,,86,90,95,88,93,84,98,84,81,75,,,,,,,,,
N7-AP-327,,,,,,,,,,,,,,,,,,,,,,,,,,,,,,,,,,,,,,,,,,,,,,,,,,,,,,,,,,,,,,,,,,,,,,,,,,,,,,,,,,,,,,,,,,74,,,,,99,,94,94,94,69,99,86,87,98,,,,,,,,,,,,,,,,,85,73,92,87,78,81,92,86,74,92,81,85,68,,,,,,,,,,,,,,,90,95,96,92,97,91,,88,83,84,,,,,,,,,
N7_AP_196,,,,,,,,,,,,,,,,,,,,,,,,,,,,,,,,,,,,,,,,,,,,,,,,,,,,,,,,,,,,,,,,,,,,,,,,,,,,,,,,,,,,,,,,,,,,,77,98,,98,,,,,,,,,84,77,95,83,90,89,83,87,93,81,89,97,86,94,94,,,,,,,,,,,,,100,,85,88,88,95,100,92,95,100,88,98,98,93,98,,,,,,,,,,,,85,96,79,,,,,,
N7_AP_197,,,,,,,,,,,,,,,,,,,,,,,,,,,,,,,,,,,,,,,,,,,,,,,,,,,,,,,,,,,,,,,,,,,,,,,,,,,,,,,,,,,,,,,,,,,,77,,97,,96,,,,,,,,,88,83,86,73,83,88,80,71,88,82,84,95,84,78,94,99,,,,,,,,,,,,,,74,75,76,92,95,81,85,90,80,85,96,82,91,97,,,,,,,,,,,85,89,72,94,99,,,,
N7_AP_20,,,,,,,,,,,,,,,,,,,,,,,,,,,,,,,,,,,,,,,,,,,,,,,,,,,,,,,,,,,,,,,,,,,,,,,,,,,,,,,,,,,,,,,,,,,,98,97,,,,,,,,,,,,99,93,,97,98,100,97,,,95,99,,95,100,69,64,,,,,,,,,,,,,,93,99,92,99,,95,96,,100,95,,84,,,,,,,,,,,,,91,,95,,64,,,,
N7_AP_20-2F,,,,,,,,,,,,,,,,,,,,,,,,,,,,,,,,,,,,,,,,,,,,,,,,,,,,,,,,,,,,,,,,,,,,,,,,,,,,,,,,,,,,,,,,,,92,99,,,,,,,100,97,92,,85,96,74,,,94,,,,,,,,,,,,,,,97,,99,98,92,,100,99,98,100,93,90,,,98,99,93,,94,,,,93,100,95,94,83,77,77,81,71,84,78,77,86,81,,,,,,,,,
N7_AP_212,,,,,,,,,,,,,,,,,,,,,,,,,,,,,,,,,,,,,,,,,,,,,,,,,,,,,,,,,,,,,,,,,,,,,,,,,,,,,,,,,,,,,,,,,,,,98,96,,,,,,99,,100,,,,85,92,,100,75,89,93,,85,91,,67,93,,99,,,,,,,,,,,,,,,100,100,99,,,,100,,,,,,,,,,,,,,,,,,97,,95,,,,,,
N7_AP_214,,,,,,,,,,,,,,,,,,,,,,,,,,,,,,,,,,,,,,,,,,,,,,,,,,,,,,,,,,,,,,,,,,,,,,,,,,,,,,,,,,,,,,,,,,97,94,,,,,,,73,78,94,80,97,90,,,,,,,,,,,,,,,,,,93,91,74,85,92,92,82,86,90,79,92,84,89,,,,,,,,,,,,,,,98,,,99,,100,,100,97,96,,,,,,,,,
N7_AP_221,,,,,,,,,,,,,,,,,,,,,,,,,,,,,,,,,,,,,,,,,,,,,,,,,,,,,,,,,,,,,,,,,,,,,,,,,,,,,,,,,,,,,,,,,,96,94,,,,100,,73,,67,95,69,94,86,92,,,,,,,,,,100,,,,,,,88,89,73,79,87,87,75,82,86,76,88,83,86,,,,,,,,,,,,,,,97,,100,98,95,98,,93,84,95,,,,,,,,,
N7_AP_228,,,,,,,,,,,,,,,,,,,,,,,,,,,,,,,,,,,,,,,,,,,,,,,,,,,,,,,,,,,,,,,,,,,,,,,,,,,,,,,,,,,,,,,,,,94,94,,,,97,99,78,67,,92,64,92,81,99,,,,,,,,,,96,,97,,,,,91,90,78,80,91,90,82,84,89,76,89,86,87,,,,,,,,,,,,,,,100,100,,100,98,99,,98,97,88,,,99,,,,,,
N7_AP_231,,,,,,,,,,,,,,,,,,,,,,,,,,,,,,,,,,,,,,,,,,,,,,,,,,,,,,,,,,,,,,,,,,,,,,,,,,,,,,,,,,,,,,,,,,70,69,,,,92,,94,95,92,,97,79,87,91,,,,,,,,,,,,,,,,,85,84,94,87,81,80,91,84,77,93,80,83,74,,,,,,,,,,,,,,,86,88,96,88,94,85,97,85,82,78,,,,,,,,,
N7_AP_232,,,,,,,,,,,,,,,,,,,,,,,,,,,,,,,,,,,,,,,,,,,,,,,,,,,,,,,,,,,,,,,,,,,,,,,,,,,,,,,,,,,,,,,,,,98,99,,,,,100,80,69,64,97,,96,88,,,,,,,,,,,,,,,,,,94,93,80,84,93,92,84,88,92,78,94,87,89,,,,,,,,,,,,,,,,,,,,,,100,99,97,,,,,,,,,
N7_AP_257,,,,,,,,,,,,,,,,,,,,,,,,,,,,,,,,,,,,,,,,,,,,,,,,,,,,,,,,,,,,,,,,,,,,,,,,,,,,,,,,,,,,,,,,,,80,86,,,,85,,97,94,92,79,96,,89,85,,,,,,,,,,,,,,,,,85,79,94,90,83,73,92,88,83,94,90,88,85,,,,,97,,99,,,,,,,,68,77,84,76,83,81,92,77,64,74,,,,,,,,,
N7_AP_26,,,,,,,,,,,,,,,,,,,,,,,,,,,,,,,,,,,,,,,,,,,,,,,,,,,,,,,,,,,,,,,,,,,,,,,,,,,,,,,,,,,,,,,,,,92,87,,,,96,,90,86,81,87,88,89,,100,,,,,,94,,,99,100,,,,,,,77,81,86,79,81,82,84,69,81,84,78,70,75,,,,,,,,,,,99,,,,93,98,98,98,98,94,,94,91,83,,,,,,,,,
N7_AP_27,,,,,,,,,,,,,,,,,,,,,,,,,,,,,,,,,,,,,,,,,,,,,,,,,,,,,,,,,,,,,,,,,,,,,,,,,,,,,,,,,,,,,,,,,,90,98,,,,74,,,92,99,91,,85,100,,,,91,,,,,,,,,,,,,,100,96,99,97,100,91,92,95,91,,100,97,97,,,99,97,79,,94,94,,,83,99,88,85,82,70,61,81,65,84,68,75,83,83,,,,,,,,,
N7_AP_298,,,,,,,,,,,,,,,,,,,,,,,,,,,,,,,,,,,,,,,,,,,,,,,,,,,,,,,,,,,,,,,,,,,,,,,,,,,,,,,,,,,,,,,,,,,,84,88,99,,85,,,,,,,,,,79,98,95,69,74,85,93,70,80,92,81,85,99,94,,,,,99,,,,,,,,95,,93,93,92,100,95,98,91,94,96,99,,97,99,,,,,,,,,,,,90,95,84,,100,,,,
N7_AP_299,,,,,,,,,,,,,,,,,,,,,,,,,,,,,,,,,,,,,,,,,,,,,,,,,,,,,,,,,,,,,,,,,,,,,,,,,,,,,,,,,,,,,,,,,,,,77,83,93,,92,,,,,,,,,79,,91,82,78,77,71,86,80,76,83,89,76,88,90,99,,,,96,,,100,,,,,98,99,89,89,89,93,93,91,94,89,93,95,99,95,98,99,,,,,,,,,,,77,85,77,100,96,,,,
N7_AP_3,,,,,,,,,,,,,,,,,,,,,,,,,,,,,,,,,,,,,,,,,,,,,,,,,,,,,,,,,,,,,,,,,,,,,,,,,,,,,,,,,,,,,,,,,,,,95,86,,94,,,,,,,,,91,98,91,,94,97,95,92,91,98,95,96,,96,97,,,,,,,,,,,,,,,,83,94,76,67,79,81,68,72,94,83,77,82,83,89,98,96,95,100,92,98,100,91,,,98,,91,90,,,,,
N7_AP_300,,,,,,,,,,,,,,,,,,,,,,,,,,,,,,,,,,,,,,,,,,,,,,,,,,,,,,,,,,,,,,,,,,,,,,,,,,,,,,,,,,,,,,,,,,,,83,73,97,,100,,,,,,,,,95,82,94,,86,90,75,78,93,89,83,96,88,80,91,,,,,,,,,,,,,100,,85,85,90,98,98,90,92,100,91,97,,94,98,,,,,,,,,,,,84,90,73,,,,,,
N7_AP_301,,,,,,,,,,,,,,,,,,,,,,,,,,,,,,,,,,,,,,,,,,,,,,,,,,,,,,,,,,,,,,,,,,,,,,,,,,,,,,,,,,,,,,,,,,,,90,83,98,,75,,,,,,,,,69,78,97,86,,74,79,91,69,79,90,72,85,93,94,,,,,99,,,,,,,,96,,92,91,92,95,90,93,88,92,96,100,,96,,,,,,,,,,,,,87,94,80,,,,,,
N7_AP_302,,,,,,,,,,,,,,,,,,,,,,,,,,,,,,,,,,,,,,,,,,,,,,,,,,,,,,,,,,,,,,,,,,,,,,,,,,,,,,,,,,,,,,,,,,,,89,88,100,,89,,,,,,,94,,74,77,95,90,74,,81,89,75,76,89,85,83,94,94,98,,,97,92,98,,94,97,,97,99,96,,94,90,95,93,96,90,93,93,99,,99,100,,,,,,,,,,,,,87,93,86,98,,,,,
N7_AP_303,,,,,,,,,,,,,,,,,,,100,,,,,,,,,,,,,,,,,,,,,,,,,,,,,,,,,,,,,,,,,,,,,,,,,,,,,,,,,,,,,,,,,,,,,,,,,83,80,97,,93,,,,,,,,,85,71,92,75,79,81,,85,84,72,76,91,74,83,91,,,,,,,,,,,100,,98,,85,85,89,89,97,89,91,94,91,93,100,94,99,99,,,,,,,,,,,81,86,76,100,,,,,
N7_AP_304,,,,,,,,,,,,,,,,,,,,,,,,,,,,,,,,,,,,,,,,,,,,,,,,,,,,,,,,,,,,,,,,,,,,,,,,,,,,,,,,,,,,,,,,,,,,87,71,,,,,,,,,,,,93,86,91,78,91,89,85,,94,88,73,,87,75,97,,,,,,,,,,,,,,,82,78,84,94,96,80,91,97,82,92,,90,99,,,,,,,,,,,,85,96,70,,,,,,
N7_AP_305,,,,,,,,,,,,,,,,,,,,,,,,,,,,,,,,,,,,,,,,,,,,,,,,,,,,,,,,,,,,,,,,,,,,,,,,,,,,,,,,,,,,,,,,,,,,93,88,,,85,,,,,,,99,,70,80,98,93,69,75,84,94,,84,94,80,88,98,96,99,,,,99,,,,100,,99,97,96,,94,95,94,99,,98,97,97,,99,,,,,,,,,,,,,,,88,97,88,,,,,,
N7_AP_306,,,,,,,,,,,,,,,,,,,,,,,,,,,,,,,,,,,,,,,,,,,,,,,,,,,,,,,,,,,,,,,,,,,,,,,,,,,,,,,,,,,,,,,,,,,,81,82,95,,91,,100,96,,,,100,,80,76,95,89,79,76,72,88,84,,83,90,68,90,91,,,,100,93,,99,93,98,,94,97,90,93,88,87,89,98,97,94,94,99,95,96,,93,97,,,,,,,,,,,,73,79,81,100,,,,,
N7_AP_307,,,,,,,,,,,,,,,,,,,,,,,,,,,,,,,,,,,,,,,,,,,,,,,,,,,,,,,,,,,,,,,,,,,,,,,,,,,,,,,,,,,,,,,,,,,,89,84,99,,,,,,,,,,,92,83,96,83,90,89,76,73,94,83,,,79,69,93,100,,,,,,,,,,,,,,89,85,93,97,,91,96,96,88,95,100,95,,,,,,,,,,,,,70,89,74,98,,,,,
N7_AP_308,,,,,,,,,,,,,,,,,,,,,,,,,,,,,,,,,,,,,,,,,,,,,,,,,,,,,,,,,,,,,,,,,,,,,,,,,,,,,,,,,,,,,,,,,,,,97,95,,,67,,,97,,,,,,81,89,,96,72,85,91,,80,90,,,91,100,,,,,,,,,,,,,,,,,99,100,,,,99,,,,,,,,,,,,,,,,,,95,97,95,,,,,,
N7_AP_309,,,,,,,,,,,,,,,,,,,,,,,,,,,,,,,,,,,,,,,,,,,,,,,,,,,,,,,,,,,,,,,,,,,,,,,,,,,,,,,,,,,,,,,,,,,,86,84,95,,93,,,,,,,,,85,76,96,88,85,83,74,87,88,68,79,91,,85,85,100,,,,98,,,99,,,97,,94,99,92,86,92,99,100,96,93,,95,95,,96,98,,,,,,,,,,,,70,73,83,,100,,,,
N7_AP_310,,,,,,,,,,,,,,,,,,,,,,,,,,,,,,,,,,,,,,,,,,,,,,,,,,,,,,,,,,,,,,,,,,,,,,,,,,,,,,,,,,,,,,,,,,,,94,78,100,,,,,,,,,,,99,88,97,80,93,94,83,75,98,90,69,100,85,,96,,,,,,,,,,,,,,,88,85,92,98,,96,94,,81,96,,90,100,,,,,,,,,,,,78,93,81,100,,,,,
N7_AP_311,,,,,,,,,,,,,,,,,,,,,,,,,,,,,,,,,,,,,,,,,,,,,,,,,,,,,,,,,,,,,,,,,,,,,,,,,,,,,,,,,,,,,,,,,,,,94,94,69,,99,,,,,,,,,94,90,,91,94,94,91,97,96,91,93,,85,96,,76,,,,,,,,,,,,,,98,97,96,,,,98,,98,,,92,,,,,,,,,,,,,84,94,91,,79,,,,
N7_AP_313,,,,,,,,,,,,,,,,,,,,,,,,,,,,,,,,,,,,,,,,,,,,,,,,,,,,,,,,,,,,,,,,,,,,,,,,,,,,,,,,,,,,,,,,,,,,,99,64,,,,,,,,,,,,99,,,,98,,,99,,100,,100,,76,,,,,,,,,,,,,,,96,,94,95,,93,97,97,,96,,87,,,,,,,,,,,,,,,,,69,,,,
N7_AP_315,,,,,,,,,,,,,,,,,,,,,,,,,,,,,,,,,,,,,,,,,,,,,,,,,,,,,,,,,,,,,,,,,,,,,,,,,,,,,,,,,,,,,,,,,,89,85,,,,,,93,88,91,85,94,85,77,100,,,,,,,,,,,,,,,,,,77,88,83,72,80,87,74,79,87,83,75,78,,,,,,,,,,,,,,,92,98,97,93,98,94,,92,90,91,,,,,,,,,
N7_AP_316,,,,,,,,,,,,,,,,,,,,,,,,,,,,,,,,,,,,,,,,,,,,,,,,,,,,,,,,,,,,,,,,,,,,,,,,,,,,,,,,,,,,,,,,,,89,73,,,,97,,91,89,90,84,93,79,81,96,,,,,,,,,,,,,,,,,77,,87,83,73,68,85,78,68,87,78,78,74,,,,,,,,,,,,,,,86,93,95,91,93,90,,86,85,82,,,,,,,,,
N7_AP_317,,,,,,,,,,,,,,,,,,,,,,,,,,,,,,,,,,,,,,,,,,,,,,,,,,,,,,,,,,,,,,,,,,,,,,,,,,,,,,,,,,,,,,,,,,95,92,,,,,,74,73,78,94,80,94,86,99,,,,,,97,,,,100,,,,,,,88,87,,74,87,87,73,80,86,71,89,80,85,,,,,,,,,,,,,,,99,,98,97,98,,,92,91,95,,,,,,,,,
N7_AP_318,,,,,,,,,,,,,,,,,,,,,,,,,,,,,,,,,,,,,,,,,,,,,,,,,,,,,,,,,,,,,,,,,,,,,,,,,,,,,,,,,,,,,,,,,,88,87,,,,99,,85,79,80,87,84,90,79,97,99,96,,,99,92,,,99,93,,,98,,,,83,83,74,,84,84,72,70,79,75,82,74,79,,,,,,,,,,,,,,,97,97,99,95,95,97,,92,87,91,,100,,,,,,,
N7_AP_319,,,,,,,,,,,,,,,,,,,,,,,,,,,,,,,,,,,,,,,,,,,,,,,,,,,,,,,,,,,,,,,,,,,,,,,,,,,,,,,,,,,,,,,,,,88,78,,,,98,,92,87,91,81,93,83,81,100,,,,,,98,,,,,,,,,,,72,73,87,84,,78,86,79,71,87,75,76,77,,,,,,,,,,,,,,,91,97,96,92,97,92,,90,88,88,,,,,,,,,
N7_AP_320,,,,,,,,,,,,,,,,,,,,,,,,,,,,,,,,,,,,,,,,,,,,,,,,,,,,,,,,,,,,,,,,,,,,,,,,,,,,,,,,,,,,,,,,,,84,81,,,,92,,92,87,90,80,92,73,82,91,,,,,,,,,,99,,,,,,,80,68,87,84,78,,85,80,70,85,78,81,76,,,,,,,,,,,,,,,84,88,93,85,88,83,98,81,78,79,,,,,,,,,
N7_AP_322,,,,,,,,,,,,,,,,,,,,,,,,,,,,,,,,,,,,,,,,,,,,,,,,,,,,,,,,,,,,,,,,,,,,,,,,,,,,,,,,,,,,,,,,,,93,92,,,,,,82,75,82,91,84,92,84,92,,100,,,,94,,,,93,,,99,,,,87,85,73,72,86,85,,75,84,77,86,77,83,,,,,,,,,,,,,,,97,,100,99,97,98,,94,87,93,,,,,,,,,
N7_AP_323,,,,,,,,,,,,,,,,,,,,,,,,,,,,,,,,,,,,,,,,,,,,,,,,,,,,,,,,,,,,,,,,,,,,,,,,,,,,,,,,,,,,,,,,,,90,86,,,,100,,86,82,84,84,88,88,69,95,,,,,,97,,,100,98,,,,,,,74,78,80,70,79,80,75,,76,81,79,67,76,,,,,,,,,,,,,,,93,96,98,96,93,94,,91,86,89,,,,,,,,,
N7_AP_324,,,,,,,,,,,,,,,,,,,,,,,,,,,,,,,,,,,,,,,,,,,,,,,,,,,,,,,,,,,,,,,,,,,,,,,,,,,,,,,,,,,,,,,,,,87,74,,,,99,,90,86,89,77,92,83,81,91,,,,,,,,,,,,,,,,,79,68,86,79,71,70,84,76,,87,75,77,67,,,,,,,,,,,,,,,88,95,97,92,94,91,,88,82,86,,,,,,,,,
N7_AP_325,,,,,,,,,,,,,,,,,,,,,,,,,,,,,,,,,,,,,,,,,,,,,,,,,,,,,,,,,,,,,,,,,,,,,,,,,,,,,,,,,,,,,,,,,,94,92,,,,98,,79,76,76,93,78,94,84,,,,,,,97,100,,99,94,,,97,,,,87,87,71,75,87,85,77,81,87,,88,82,84,,,,,,,,,,,,,,,95,,100,,99,96,,94,93,94,100,,,,,,,,
N7_AP_326,,,,,,,,,,,,,,,,,,,,,,,,,,,,,,,,,,,,,,,,,,,,,,,,,,,,,,,,,,,,,,,,,,,,,,,,,,,,,,,,,,,,,,,,,,87,81,,,,100,,92,88,89,80,94,90,78,100,,,,,,99,,,97,97,,,,,,,83,78,89,82,75,78,86,79,75,88,,72,73,,,,,,,,,,,,,,,94,98,99,95,98,93,,92,88,88,,,,,,,,,
N7_AP_329,,,,,,,,,,,,,,,,,,,,,,,,,,,,,,,,,,,,,,,,,,,,,,,,,,,,,,,,,,,,,,,,,,,,,,,,,,,,,,,,,,,,,,,,,,89,85,100,,,93,,84,83,86,83,87,88,70,97,95,98,,100,96,96,98,,96,90,,,94,,,,75,78,80,74,76,81,77,67,77,82,72,,75,,,,,,,,,,,,,,,95,96,100,96,98,93,,93,91,87,95,96,98,,,,,,
N7_AP_330,,,,,,,,,,,,,,,,,,,,,,,,,,,,,,,,,,,,,,,,,,,,,,,,,,,,,,,,,,,,,,,,,,,,,,,,,,,,,,,,,,,,,,,,,,82,68,,,,90,,89,86,87,74,89,85,75,97,,99,,,,,,,,93,,,99,,,,78,74,85,79,77,76,83,76,67,84,73,75,,,,,,,,,,,,,,,,91,94,98,93,96,89,,90,88,83,,,,,,,,,
N7_AP_334,,,,,,,,,,,,,,,,,,,,,,,,,,,,,,,,,,,,,,,,,,,,,,,,,,,,,,,,,,,,,,,,,,,,,,,,,,,,,,,,,,,,,,,,,,,,85,74,93,,100,,,,,,,,,93,89,83,85,92,94,85,82,94,88,89,,92,88,98,96,,,,,,,,,,,,,,,84,67,85,92,65,82,89,83,77,95,70,91,96,,,,,,,,100,,,91,93,81,91,95,,,,
N7_AP_335,,,,,,,,,,,,,,,,,,,,,,,,,,,,,,,,,,,,,,,,,,,,,,,,,,,,,,,,,,,,,,,,,,,,,,,,,,,,,,,,,,,,,,,,,,,,88,75,99,,100,,,,,,,,,93,89,94,85,91,90,85,78,95,87,85,99,86,85,97,,,,,,,,,,,,,,,84,,87,97,98,86,90,98,82,91,,86,99,,,,,,,,,,,,90,95,78,98,,,,,
N7_AP_336,,,,,,,,,,,,,,,,,,,,,,,,,,,,,,,,,,,,,,,,,,,,,,,,,,,,,,,,,,,,,,,,,,,,,,,,,,,,,,,,,,,,,,,,,,,,88,76,92,98,99,,,,,,,,99,92,89,76,90,92,95,89,84,94,89,93,100,92,92,96,94,,,,,,,,,,,,,,67,87,,80,90,75,72,85,88,71,92,74,86,95,,,,,98,,,100,,,93,99,84,91,93,,,,
N7_AP_337,,,,,,,,,,,,,,,,,,,,,,,,,,,,,,,,,,,,,,,,,,,,,,,,,,,,,,,,,,,,,,,,,,,,,,,,,,,,,,,,,,,,,,,,,,,,95,92,99,99,,,,,,,,,97,100,93,67,98,95,93,89,94,99,98,97,,99,98,,95,,,,,,,,,,,,,,85,97,80,,86,84,71,71,96,80,89,82,81,94,100,,97,98,100,98,,95,,,99,,90,93,,,,,
N7_AP_338,,,,,,,,,,,,,,,,,,,,,,,,,,,,,,,,,,,,,,,,,,,,,,,,,,,,,,,,,,,,,,,,,,,,,,,,,,,,,,,,,,,,,,,,,,,,100,95,,93,,,,,,,97,,79,95,93,79,98,90,96,97,96,,97,,,100,,,,,,,,,,,,,,,,,92,98,90,86,,85,79,79,99,90,65,89,75,71,95,89,83,95,85,96,85,91,95,97,100,,93,97,,,,,
N7_AP_339,,,,,,,,,,,,,,,,,,,,,,,,,,,,,,,,,,,,,,,,,,,,,,,,,,,,,,,,,,,,,,,,,,,,,,,,,,,,,,,,,,,,,,,,,,,,92,81,95,,,,,,,,,,,98,91,81,90,93,90,89,80,98,94,91,,96,96,,93,,,,,,,,,,,,,,65,86,75,84,85,,80,86,86,82,91,67,92,96,,,100,,,,,,,,96,,85,91,97,,,,
N7_AP_340,,,,,,,,,,,,,,,,,,,,,,,,,,,,,,,,,,,,,,,,,,,,,,,,,,,,,,,,,,,,,,,,,,,,,,,,,,,,,,,,,,,,,,,,,,,,95,85,96,94,100,,,,,,99,,94,91,94,68,92,88,93,91,91,97,94,96,99,93,94,98,97,,,,,,,,,,,,,,82,90,72,71,79,80,,74,93,77,87,80,82,89,,95,98,,96,100,97,95,,99,97,,88,90,,,,,
N7_AP_341,,,,,,,,,,,,,,,,,,,,,,,,,,,,,,,,,,,,,,,,,,,,,,,,,,,,,,,,,,,,,,,,,,,,,,,,,,,,,,,,,,,,,,,,,,,,100,90,,,,,,,,,,,94,94,89,72,100,92,93,94,97,97,99,96,,,,,97,,,,,,,,,,,,,,89,98,85,71,79,86,74,,95,81,86,85,76,90,98,,95,98,98,97,98,94,,,100,,91,92,,,,,
N7_AP_342,,,,,,,,,,,,,,,,,,,,,,,,,,,,,,,,,,,,,,,,,,,,,,,,,,,,,,,,,,,,,,,,,,,,,,,,,,,,,,,,,,,,,,,,,,,,88,80,100,,,,,,,,,,,96,93,94,91,96,99,91,82,,95,88,,95,81,98,,,,,,,,,,,,,,,83,82,88,96,99,86,93,95,,90,,80,96,,,,,,,,,,,,94,98,85,92,,,,,
N7_AP_343,,,,,,,,,,,,,,,,,,,,,,,,,,,,,,,,,,,,,,,,,,,,,,,,,,,,,,,,,,,,,,,,,,,,,,,,,,,,,,,,,,,,,,,,,,,,98,85,95,,,,,,,,,,,99,95,83,97,100,,93,92,99,96,95,,95,96,,96,,,,,,,,,,,,,,77,91,71,80,90,82,77,81,90,,90,72,88,99,,,,,,99,,,,,99,100,90,88,,,,,
N7_AP_344,,,,,,,,,,,,,,,,,,,,,,,,,,,,,,,,,,,,,,,,,,,,,,,,,,,,,,,,,,,,,,,,,,,,,,,,,,,,,,,,,,,,,,,,,,,,98,96,,93,,,,,,,,99,83,,99,77,,,99,100,,,,100,,,,,,,,,,,,,,,,,,,95,,92,89,65,91,87,86,,90,,90,67,70,95,93,86,97,90,94,89,93,,100,,,99,96,,,,,
N7_AP_345,,,,,,,,,,,,,,,,,,,,,,,,,,,,,,,,,,,,,,,,,,,,,,,,,,,,,,,,,,,,,,,,,,,,,,,,,,,,,,,,,,,,,,,,,,,,93,82,84,100,,,,,,,,,99,97,95,82,94,96,100,94,90,,93,95,,96,90,92,87,,,,,,,,,,,,,,70,86,74,82,89,67,80,85,80,72,90,,86,94,,,,,,,,100,,,97,100,89,82,88,,,,
N7_AP_346,,,,,,,,,,,,,,,,,,,,,,,,,,,,,,,,,,,,,,,,,,,,,,,,,,,,,,,,,,,,,,,,,,,,,,,,,,,,,,,,,,,,,,,,,,,,98,91,,95,,,,,,,,,88,99,98,83,98,,,99,99,,97,,,98,100,,,,,,,,,,,,,,,,91,99,86,81,75,92,82,76,96,88,67,86,,81,,97,93,,94,91,94,94,,95,,,98,90,,,,,
N7_AP_348,,,,,,,,,,,,,,,,,,,,,,,,,,,,,,,,,,,,,,,,,,,,,,,,,,,,,,,,,,,,,,,,,,,,,,,,,,,,,,,,,,,,,,,,,,,,,97,,94,,,,,,,,,85,,99,89,,,,99,,,,,,,,,,,,,,,,,,,,,,,96,,95,94,71,96,89,90,,99,70,94,81,,100,91,86,100,90,,87,94,,,,,,,,,,,
N7_AP_349,,,,,,,,,,,,,,,,,,,,,,,,,,,,,,,,,,,,,,,,,,,,,,,,,,,,,,,,,,,,,,,,,,,,,,,,,,,,,,,,,,,,,,,,,,86,90,,,,83,,98,97,100,86,,68,93,82,,,98,,,,,,,,,,,,,,92,86,99,97,91,84,97,93,88,95,94,95,91,,,,100,95,,,98,,,95,,,100,,73,83,65,79,74,91,66,73,79,,,,,,,,,
N7_AP_350,,,,,,,,,,,,,,,,,,,,,,,,,,,,,,,,,,,,,,,,,,,,,,,,,,,,,,,,,,,,,,,,,,,,,,,,,,,,,,,,,,,,,,,,,,90,95,,,,77,,,,100,88,,77,98,70,,,96,,,,,,,,,,,,,,98,93,,97,97,88,,96,95,,98,96,94,,,,,89,,95,,,,93,,97,91,73,,75,70,71,81,80,71,80,80,,,,,,,,,
N7_AP_351,,,,,,,,,,,,,,,,,,,,,,,,,,,,,,,,,,,,,,,,,,,,,,,,,,,,,,,,,,,,,,,,,,,,,,,,,,,,,,,,,,,,,,,,,,95,96,,,,77,,,100,,96,,84,98,61,,,95,,,,,,,,,,,,,,97,95,98,99,96,93,100,98,97,100,99,100,98,,,,97,83,100,98,95,,,86,,93,86,83,75,,78,71,84,74,77,88,87,,,,,,,,,
N7_AP_352,,,,,,,,,,,,,,,,,,,,,,,,,,,,,,,,,,,,,,,,,,,,,,,,,,,,,,,,,,,,,,,,,,,,,,,,,,,,,,,,,,,,,,,,,,88,92,,,,81,,99,98,100,88,,76,98,81,,,100,,,,,,,,,,,,,,93,91,97,95,92,85,99,96,92,,95,96,93,,,,98,95,,,98,,,97,,,100,65,70,78,,80,77,87,65,76,80,,,,,,,,,
N7_AP_353,,,,,,,,,,,,,,,,,,,,,,,,,,,,,,,,,,,,,,,,,,,,,,,,,,,,,,,,,,,,,,,,,,,,,,,,,,,,,,,,,,,,,,,,,,93,97,,,,71,,,95,98,94,,83,98,65,,,92,,,,,,,,,,,,,,98,93,98,95,97,88,97,93,94,99,98,98,96,,,98,100,85,,96,98,,,90,,94,90,79,71,71,80,,83,79,74,85,85,,,,,,,,,
N7_AP_354,,,,,,,,,,,,,,,,,,,,,,,,,,,,,,,,,,,,,,,,,,,,,,,,,,,,,,,,,,,,,,,,,,,,,,,,,,,,,,,,,,,,,,,,,,84,91,,,,84,,100,98,99,85,,81,94,84,,,98,,,,,,,,,,,,,,94,90,,97,92,83,98,94,91,96,93,93,89,,,,98,96,,100,97,,99,94,,91,,74,81,84,77,83,,92,74,80,71,,,,,,,,,
N7_AP_355,,,,,,,,,,,,,,,,,,,,,,,,,,,,,,,,,,,,,,,,,,,,,,,,,,,,,,,,,,,,,,,,,,,,,,,,,,,,,,,,,,,,,,,,,,98,,,,,78,,,,,97,,92,,68,,,100,,,,,,,,,,,,,,,,,,,98,,,,,,,,,,,,85,,97,98,,,89,,94,87,91,80,74,87,79,92,,85,92,93,,,,,,,,,
N7_AP_356,,,,,,,,,,,,,,,,,,,,,,,,,,,,,,,,,,,,,,,,,,,,,,,,,,,,,,,,,,,,,,,,,,,,,,,,,,,,,,,,,,,,,,,,,,84,88,,,,77,,100,93,98,85,100,77,94,75,,,91,,,,,,,,,,,,,,92,86,92,92,90,81,94,91,88,94,92,93,90,100,,100,95,91,,95,94,,,93,100,94,94,66,71,77,65,74,74,85,,74,77,,,,100,,,,,
N7_AP_358,,,,,,,,,,,,,,,,,,,,,,,,,,,,,,,,,,,,,,,,,,,,,,,,,,,,,,,,,,,,,,,,,,,,,,,,,,,,,,,,,,,,,,,,,,81,83,,,,86,,97,84,97,82,99,64,91,83,,,,,,,,,,,,,,,,,90,85,91,87,88,78,87,86,82,93,88,91,88,,,,,95,,,,,,,,,,73,80,88,76,85,80,92,74,,71,,,,,,,,,
N7_AP_359,,,,,,,,,,,,,,,,,,,,,,,,,,,,,,,,,,,,,,,,,,,,,,,,,,,,,,,,,,,,,,,,,,,,,,,,,,,,,,,,,,,,,,,,,,75,84,,,,81,,96,95,88,78,97,74,83,83,,,,,,,,,,,,,,,,,91,82,95,91,88,79,93,89,86,94,88,87,83,,,,,97,,99,,,,100,,95,,79,80,87,80,85,71,93,77,71,,,,,,,,,,
N7_AP_57,,,,,,,,,,,,,,,,,,,,,,,,,,,,,,,,,,,,,,,,,,,,,,,,,,,,,,,,,,,,,,,,,,,,,,,,,,,,,,,,,,,,,,,,,,,,85,85,91,,97,,,,,,,,,90,77,98,84,87,87,81,85,88,73,70,95,70,78,84,,,,,,,,,,,100,,95,,91,90,93,99,100,96,97,100,94,99,,97,,,,,,,,,,,,,,78,78,,99,,,,
N7_AP_64,,,,,,,,,,,,,,,,,,,,,,,,,,,,,,,,,,,,,,,,,,,,,,,,,,,,,,,,,,,,,,,,,,,,,,,,,,,,,,,,,,,,,,,,,,,,96,89,,,,,,,,,,,,95,85,,90,94,93,86,96,97,79,89,97,73,93,94,,,,,100,,,,,,,,96,,93,95,99,,,,,,98,100,,100,,,,,,,,,,,,,78,,90,,,,,,
N7_AP_79,,,,,,,,,,,,,,,,,,,,,,,,,,,,,,,,,,,,,,,,,,,,,,,,,,,,,,,,,,,,,,,,,,,,,,,,,,,,,,,,,,,,,,,,,,,,79,72,95,,95,,,99,,,,,,84,77,91,73,80,86,76,70,88,81,74,95,83,81,91,,,,,,,,,,,,,98,,81,78,84,90,93,85,88,91,85,90,99,89,98,,,,,,,,,,,,78,90,,97,,,,,
N7_AP_84,,,,,,,,,,,,,,,,,,,,,,,,,,,,,,,,,,,,,,,,,,,,,,,,,,,,,,,,,,,,,,,,,,,,,,,,,,,,,,,,,,,,,,,,,,,,,94,,,,,,,,,,,,,100,90,,,98,100,,,100,98,,,100,,,,,,,,,,,,,,,,91,98,91,93,97,91,90,92,92,88,96,82,90,,,,,,,,,100,,,,,97,,,,,,
N7_AP_9,,,,,,,,,,,,,,,,,,,,,,,,,,,,,,,,,,,,,,,,,,,,,,,,,,,,,,,,,,,,,,,,,,,,,,,,,,,,,,,,,,,,,,,,,,,,,99,64,,,,,,,,,,,100,96,,,,,,,,,,,100,,79,69,,,,,,,,,,,,,,95,,93,,,97,,,,,,88,,,,,,,,,,,,,99,,,,,,,,
nkg6aaaphw46,,,,,,,,,,,,,,,,,,,,,,,,,,,,,,,,,,,,,,,,,,,,,,,,,,,,,,,,,,,,,,,,,,,,,,,,,,,,,,,,,,,,,,,,,,,,,,,,,,,,,,,,,,,,,,,,,,,,,,,,,,,,,,,,,,,,,,,,,,,,,,,,,,,,,,,,,,,,,,,,,,,,,,
nkg6aaaphw48,,,,,,,,,,,,,,,,,,,,,,,,,,,,,,,,,,,,,,,,,,,,,,,,,,,,,,,,,,,,,,,,,,,,,,,,,,,,,,,,,,,,,,,,,,,,,,,,,,,,,,,,,,,,,,,,,,,,,,,,,,,,,,,,,,,,,,,,,,,,,,,,,,,,,,,,,,,,,,,,,,,,,,
nkg6baaphw43,,,,,,,,,,,,,,,,,,,,,,,,,,,,,,,,,,,,,,,,,,,,,,,,,,,,,,,,,,,,,,,,,,,,,,,,,,,,,,,,,,,,,,,,,,,,,,,,,,,,,,,,,,,,,,,,,,,,,,,,,,,,,,,,,,,,,,,,,,,,,,,,,,,,,,,,,,,,,,,,,,,,,,
nkg6baaphw44,,,,,,,,,,,,,,,,,,,,,,,,,,,,,,,,,,,,,,,,,,,,,,,,,,,,,,,,,,,,,,,,,,,,,,,,,,,,,,,,,,,,,,,,,,,,,,,,,,,,,,,,,,,,,,,,,,,,,,,,,,,,,,,,,,,,,,,,,,,,,,,,,,,,,,,,,,,,,,,,,,,,,,
